date,Xingzi,Duchang,Kangshan,Hamashi
2015/1/2,16.77 ,14.72 ,13.75 ,13.19 
2015/1/3,16.96 ,13.36 ,11.25 ,13.39 
2015/1/4,14.24 ,12.38 ,11.08 ,13.72 
2015/1/5,13.31 ,12.51 ,11.94 ,13.31 
2015/1/6,13.14 ,12.79 ,12.38 ,13.00 
2015/1/7,11.13 ,8.59 ,7.97 ,9.03 
2015/1/8,10.60 ,8.55 ,7.77 ,8.86 
2015/1/9,10.52 ,8.47 ,7.82 ,9.49 
2015/1/10,10.57 ,8.83 ,8.23 ,9.53 
2015/1/11,10.68 ,9.48 ,9.14 ,9.88 
2015/1/12,10.94 ,9.66 ,9.64 ,10.41 
2015/1/13,10.28 ,8.77 ,8.98 ,9.49 
2015/1/14,10.09 ,8.45 ,8.79 ,9.19 
2015/1/15,10.10 ,8.41 ,8.61 ,8.99 
2015/1/16,10.08 ,8.37 ,8.48 ,8.96 
2015/1/17,10.52 ,9.03 ,9.12 ,9.51 
2015/1/18,9.56 ,7.82 ,7.65 ,8.27 
2015/1/19,10.15 ,8.89 ,8.81 ,9.34 
2015/1/20,10.38 ,9.10 ,9.18 ,9.48 
2015/1/21,10.48 ,9.25 ,9.36 ,9.67 
2015/1/22,10.34 ,8.74 ,8.97 ,9.11 
2015/1/23,10.53 ,8.93 ,9.21 ,9.24 
2015/1/24,10.94 ,9.49 ,9.67 ,10.03 
2015/1/25,11.72 ,11.09 ,11.44 ,11.56 
2015/1/26,11.59 ,10.19 ,10.30 ,10.29 
2015/1/27,11.63 ,10.37 ,10.58 ,10.42 
2015/1/28,10.11 ,7.46 ,7.35 ,7.98 
2015/1/29,8.90 ,6.16 ,5.88 ,6.96 
2015/1/30,8.15 ,5.33 ,4.63 ,6.34 
2015/1/31,7.66 ,4.48 ,3.90 ,5.80 
2015/2/1,7.33 ,4.65 ,4.25 ,5.83 
2015/2/2,7.49 ,4.99 ,4.74 ,6.00 
2015/2/3,7.53 ,4.88 ,4.93 ,6.22 
2015/2/4,7.82 ,5.01 ,5.46 ,6.45 
2015/2/5,8.07 ,5.51 ,6.31 ,6.85 
2015/2/6,7.80 ,4.74 ,5.61 ,6.35 
2015/2/7,8.52 ,6.48 ,7.46 ,7.49 
2015/2/8,9.29 ,7.01 ,7.96 ,8.05 
2015/2/9,7.77 ,4.90 ,5.50 ,5.97 
2015/2/10,8.11 ,5.98 ,6.51 ,6.78 
2015/2/11,8.74 ,7.18 ,7.44 ,7.99 
2015/2/12,9.69 ,8.14 ,8.61 ,8.71 
2015/2/13,10.10 ,9.06 ,9.84 ,9.70 
2015/2/14,11.28 ,10.19 ,11.11 ,10.50 
2015/2/15,12.02 ,11.83 ,12.85 ,11.63 
2015/2/16,12.74 ,12.21 ,13.46 ,12.21 
2015/2/17,12.96 ,12.19 ,13.56 ,12.30 
2015/2/18,13.42 ,12.80 ,13.97 ,12.58 
2015/2/19,12.54 ,11.16 ,11.78 ,11.31 
2015/2/20,12.66 ,11.72 ,12.02 ,11.64 
2015/2/21,12.65 ,11.90 ,11.61 ,11.78 
2015/2/22,12.77 ,11.50 ,10.99 ,11.32 
2015/2/23,12.91 ,11.52 ,11.09 ,11.43 
2015/2/24,12.77 ,11.49 ,11.18 ,11.42 
2015/2/25,13.19 ,12.64 ,12.56 ,12.65 
2015/2/26,12.93 ,12.12 ,11.86 ,11.92 
2015/2/27,12.79 ,11.76 ,11.92 ,11.86 
2015/2/28,11.79 ,10.48 ,10.83 ,10.40 
2015/3/1,10.86 ,8.88 ,9.55 ,9.38 
2015/3/2,11.07 ,9.97 ,11.99 ,10.85 
2015/3/3,11.15 ,11.56 ,13.70 ,10.90 
2015/3/4,11.47 ,12.76 ,13.13 ,10.82 
2015/3/5,11.52 ,11.76 ,11.25 ,10.60 
2015/3/6,10.72 ,9.75 ,10.45 ,9.82 
2015/3/7,10.74 ,9.56 ,12.24 ,10.39 
2015/3/8,11.37 ,10.99 ,14.34 ,11.09 
2015/3/9,11.75 ,12.96 ,14.89 ,11.40 
2015/3/10,12.36 ,13.62 ,15.12 ,11.78 
2015/3/11,12.22 ,12.34 ,13.29 ,11.75 
2015/3/12,12.76 ,12.33 ,13.43 ,12.26 
2015/3/13,12.83 ,13.38 ,14.34 ,12.70 
2015/3/14,13.81 ,14.63 ,15.60 ,13.58 
2015/3/15,14.50 ,15.68 ,16.19 ,14.11 
2015/3/16,14.89 ,15.68 ,16.18 ,14.36 
2015/3/17,15.96 ,16.41 ,17.28 ,15.66 
2015/3/18,16.91 ,18.18 ,18.59 ,17.30 
2015/3/19,16.91 ,18.87 ,18.26 ,16.89 
2015/3/20,17.27 ,17.74 ,17.45 ,16.59 
2015/3/21,16.77 ,16.83 ,16.66 ,16.50 
2015/3/22,17.03 ,17.16 ,17.48 ,17.20 
2015/3/23,17.12 ,18.11 ,18.33 ,17.35 
2015/3/24,16.89 ,17.78 ,17.62 ,16.47 
2015/3/25,16.56 ,16.51 ,16.43 ,16.07 
2015/3/26,16.81 ,16.55 ,16.92 ,16.97 
2015/3/27,16.22 ,16.74 ,17.08 ,16.22 
2015/3/28,16.53 ,17.21 ,17.51 ,16.62 
2015/3/29,17.33 ,18.46 ,18.55 ,17.40 
2015/3/30,17.57 ,19.13 ,19.01 ,17.68 
2015/3/31,18.30 ,20.02 ,19.46 ,18.37 
2015/4/1,19.40 ,21.39 ,21.00 ,19.78 
2015/4/2,20.35 ,22.97 ,22.44 ,21.13 
2015/4/3,20.59 ,23.59 ,22.38 ,20.95 
2015/4/4,19.69 ,21.67 ,20.53 ,20.42 
2015/4/5,19.36 ,19.91 ,19.49 ,19.78 
2015/4/6,18.09 ,17.80 ,18.24 ,18.63 
2015/4/7,16.65 ,16.18 ,16.56 ,17.04 
2015/4/8,14.82 ,13.85 ,13.87 ,14.76 
2015/4/9,13.88 ,12.82 ,14.84 ,14.46 
2015/4/10,14.45 ,13.07 ,17.08 ,14.13 
2015/4/11,14.77 ,14.16 ,18.25 ,14.91 
2015/4/12,15.51 ,15.65 ,19.12 ,15.36 
2015/4/13,16.22 ,17.08 ,19.24 ,15.65 
2015/4/14,16.54 ,17.64 ,18.21 ,15.78 
2015/4/15,16.66 ,17.86 ,17.67 ,16.30 
2015/4/16,17.42 ,17.95 ,18.35 ,16.93 
2015/4/17,18.11 ,18.70 ,19.20 ,17.81 
2015/4/18,19.08 ,20.20 ,21.07 ,19.01 
2015/4/19,20.26 ,21.96 ,21.87 ,19.96 
2015/4/20,20.95 ,22.83 ,20.70 ,20.22 
2015/4/21,20.74 ,21.53 ,18.30 ,19.95 
2015/4/22,20.83 ,20.73 ,18.80 ,20.24 
2015/4/23,21.44 ,21.45 ,20.70 ,21.03 
2015/4/24,21.80 ,22.58 ,22.36 ,21.99 
2015/4/25,22.08 ,23.83 ,22.38 ,22.35 
2015/4/26,22.62 ,24.82 ,23.61 ,22.82 
2015/4/27,23.31 ,25.51 ,23.07 ,23.10 
2015/4/28,23.75 ,25.49 ,22.89 ,23.48 
2015/4/29,24.31 ,25.72 ,23.73 ,24.15 
2015/4/30,24.41 ,25.86 ,22.48 ,24.34 
2015/5/1,25.03 ,26.48 ,24.60 ,25.20 
2015/5/2,24.97 ,26.40 ,24.21 ,25.45 
2015/5/3,24.42 ,25.61 ,21.80 ,24.75 
2015/5/4,24.33 ,25.25 ,22.58 ,24.83 
2015/5/5,24.06 ,24.67 ,22.71 ,24.37 
2015/5/6,24.66 ,24.44 ,23.09 ,24.44 
2015/5/7,25.01 ,25.26 ,24.28 ,24.98 
2015/5/8,25.15 ,26.00 ,24.97 ,25.49 
2015/5/9,25.16 ,26.23 ,24.75 ,25.24 
2015/5/10,25.33 ,26.55 ,25.21 ,25.66 
2015/5/11,25.82 ,27.03 ,25.64 ,25.78 
2015/5/12,25.12 ,25.73 ,23.85 ,25.05 
2015/5/13,24.87 ,24.35 ,23.88 ,24.66 
2015/5/14,24.80 ,24.55 ,24.82 ,25.17 
2015/5/15,24.94 ,25.40 ,25.23 ,25.12 
2015/5/16,25.15 ,25.95 ,25.54 ,25.23 
2015/5/17,25.08 ,25.96 ,25.43 ,25.34 
2015/5/18,25.70 ,26.36 ,26.38 ,25.82 
2015/5/19,25.94 ,26.79 ,26.45 ,26.17 
2015/5/20,26.36 ,27.62 ,27.34 ,26.70 
2015/5/21,26.46 ,27.51 ,26.38 ,26.26 
2015/5/22,25.71 ,27.29 ,26.21 ,26.48 
2015/5/23,26.09 ,27.41 ,26.80 ,26.33 
2015/5/24,26.06 ,27.17 ,26.50 ,26.20 
2015/5/25,26.11 ,27.33 ,26.92 ,26.57 
2015/5/26,26.58 ,27.76 ,27.70 ,26.71 
2015/5/27,26.97 ,28.32 ,28.40 ,27.22 
2015/5/28,27.54 ,28.91 ,29.03 ,27.65 
2015/5/29,27.85 ,29.42 ,29.19 ,27.99 
2015/5/30,27.90 ,29.78 ,29.08 ,28.12 
2015/5/31,27.57 ,29.68 ,28.34 ,28.09 
2015/6/1,27.94 ,30.08 ,29.02 ,28.46 
2015/6/2,28.40 ,30.46 ,29.47 ,28.75 
2015/6/3,28.69 ,30.85 ,30.16 ,29.18 
2015/6/4,27.66 ,29.06 ,26.83 ,27.49 
2015/6/5,26.58 ,28.41 ,27.44 ,27.12 
2015/6/6,26.36 ,28.09 ,28.32 ,27.00 
2015/6/7,26.91 ,28.24 ,28.86 ,27.21 
2015/6/8,27.27 ,28.25 ,28.90 ,27.24 
2015/6/9,27.12 ,27.98 ,28.29 ,27.27 
2015/6/10,27.42 ,28.30 ,28.82 ,27.51 
2015/6/11,27.68 ,28.42 ,29.32 ,27.89 
2015/6/12,28.44 ,28.54 ,29.53 ,28.24 
2015/6/13,28.83 ,28.39 ,29.56 ,28.67 
2015/6/14,28.82 ,28.68 ,29.47 ,28.95 
2015/6/15,28.82 ,28.85 ,29.12 ,28.75 
2015/6/16,28.90 ,29.20 ,29.47 ,29.03 
2015/6/17,29.05 ,29.69 ,29.87 ,29.32 
2015/6/18,29.19 ,29.91 ,30.14 ,29.08 
2015/6/19,29.02 ,29.68 ,29.39 ,28.86 
2015/6/20,28.99 ,29.77 ,29.28 ,29.10 
2015/6/21,29.09 ,30.00 ,29.91 ,29.40 
2015/6/22,28.67 ,29.51 ,29.39 ,28.64 
2015/6/23,28.59 ,29.57 ,29.27 ,28.81 
2015/6/24,28.66 ,29.80 ,29.62 ,29.15 
2015/6/25,28.97 ,29.98 ,30.22 ,29.18 
2015/6/26,29.38 ,30.31 ,30.81 ,29.55 
2015/6/27,29.92 ,30.71 ,31.22 ,29.97 
2015/6/28,30.41 ,31.09 ,31.50 ,30.38 
2015/6/29,30.85 ,31.45 ,31.79 ,30.84 
2015/6/30,31.28 ,31.83 ,31.99 ,31.22 
2015/7/1,31.48 ,32.03 ,31.90 ,31.17 
2015/7/2,31.36 ,31.96 ,31.49 ,31.36 
2015/7/3,31.64 ,32.24 ,31.45 ,31.60 
2015/7/4,31.53 ,32.12 ,31.12 ,31.31 
2015/7/5,30.73 ,31.17 ,29.90 ,30.43 
2015/7/6,30.18 ,30.85 ,29.22 ,30.19 
2015/7/7,29.05 ,29.76 ,28.27 ,28.93 
2015/7/8,28.12 ,28.94 ,27.65 ,28.26 
2015/7/9,27.55 ,28.39 ,27.44 ,27.66 
2015/7/10,27.09 ,27.85 ,27.44 ,27.22 
2015/7/11,27.08 ,27.74 ,27.94 ,27.27 
2015/7/12,27.38 ,27.89 ,28.56 ,27.31 
2015/7/13,27.86 ,28.32 ,29.48 ,27.88 
2015/7/14,28.53 ,28.93 ,30.47 ,28.47 
2015/7/15,29.31 ,29.61 ,31.43 ,29.04 
2015/7/16,30.12 ,30.34 ,32.13 ,29.71 
2015/7/17,30.75 ,30.82 ,32.19 ,30.06 
2015/7/18,31.01 ,30.94 ,31.34 ,30.34 
2015/7/19,31.36 ,31.35 ,31.36 ,30.88 
2015/7/20,31.49 ,31.38 ,30.94 ,30.88 
2015/7/21,31.48 ,31.43 ,30.88 ,31.04 
2015/7/22,31.69 ,31.72 ,31.12 ,31.36 
2015/7/23,31.92 ,32.09 ,31.55 ,31.70 
2015/7/24,31.96 ,32.12 ,31.34 ,31.64 
2015/7/25,31.97 ,32.20 ,31.06 ,31.64 
2015/7/26,32.03 ,32.25 ,30.93 ,31.69 
2015/7/27,32.02 ,32.35 ,31.00 ,31.75 
2015/7/28,32.01 ,32.48 ,31.28 ,31.98 
2015/7/29,32.10 ,32.56 ,31.38 ,31.93 
2015/7/30,32.17 ,32.53 ,31.19 ,31.72 
2015/7/31,32.14 ,32.41 ,31.28 ,31.80 
2015/8/1,32.21 ,32.49 ,31.34 ,31.97 
2015/8/2,32.35 ,32.70 ,31.81 ,32.25 
2015/8/3,32.59 ,32.91 ,32.10 ,32.31 
2015/8/4,32.75 ,33.01 ,32.20 ,32.40 
2015/8/5,32.89 ,33.13 ,32.33 ,32.58 
2015/8/6,33.15 ,33.43 ,32.78 ,32.96 
2015/8/7,33.43 ,33.75 ,33.11 ,33.20 
2015/8/8,33.34 ,33.57 ,32.32 ,32.78 
2015/8/9,32.69 ,32.92 ,31.50 ,32.70 
2015/8/10,31.37 ,31.38 ,29.85 ,31.40 
2015/8/11,31.06 ,30.95 ,29.59 ,31.02 
2015/8/12,30.53 ,30.46 ,29.47 ,30.50 
2015/8/13,30.54 ,30.61 ,30.11 ,30.59 
2015/8/14,30.80 ,31.02 ,30.71 ,30.68 
2015/8/15,31.15 ,31.67 ,31.08 ,31.02 
2015/8/16,31.36 ,32.02 ,30.93 ,31.12 
2015/8/17,31.63 ,32.60 ,31.25 ,31.62 
2015/8/18,31.92 ,33.15 ,31.26 ,31.87 
2015/8/19,32.09 ,33.36 ,31.22 ,32.01 
2015/8/20,32.21 ,33.11 ,31.07 ,31.91 
2015/8/21,31.66 ,32.52 ,30.42 ,31.72 
2015/8/22,30.84 ,31.39 ,29.54 ,30.94 
2015/8/23,30.29 ,30.36 ,28.97 ,30.15 
2015/8/24,29.56 ,29.24 ,28.12 ,29.35 
2015/8/25,29.05 ,28.57 ,27.83 ,28.94 
2015/8/26,28.96 ,28.50 ,28.27 ,28.92 
2015/8/27,29.22 ,29.10 ,29.28 ,29.31 
2015/8/28,29.60 ,30.19 ,29.51 ,29.58 
2015/8/29,29.76 ,30.86 ,28.63 ,29.54 
2015/8/30,29.99 ,31.46 ,29.39 ,29.97 
2015/8/31,30.27 ,31.41 ,28.67 ,29.96 
2015/9/1,30.54 ,31.67 ,28.85 ,30.19 
2015/9/2,30.38 ,31.55 ,28.43 ,30.32 
2015/9/3,30.21 ,31.10 ,28.05 ,30.19 
2015/9/4,29.95 ,31.04 ,28.55 ,30.21 
2015/9/5,30.03 ,31.04 ,29.15 ,30.38 
2015/9/6,29.89 ,30.76 ,28.49 ,30.04 
2015/9/7,29.35 ,30.15 ,27.91 ,29.33 
2015/9/8,28.48 ,29.08 ,27.15 ,28.59 
2015/9/9,27.94 ,28.54 ,27.07 ,28.09 
2015/9/10,27.90 ,27.94 ,26.93 ,27.61 
2015/9/11,27.74 ,27.49 ,26.58 ,27.32 
2015/9/12,27.54 ,27.43 ,26.67 ,27.34 
2015/9/13,27.08 ,26.65 ,25.49 ,26.73 
2015/9/14,26.73 ,26.54 ,25.28 ,26.59 
2015/9/15,26.60 ,26.40 ,25.26 ,26.56 
2015/9/16,26.74 ,26.46 ,25.05 ,26.50 
2015/9/17,26.77 ,26.38 ,24.88 ,26.36 
2015/9/18,26.78 ,26.63 ,25.14 ,26.45 
2015/9/19,26.57 ,26.58 ,24.91 ,26.36 
2015/9/20,26.55 ,26.69 ,25.14 ,26.48 
2015/9/21,26.60 ,27.03 ,25.46 ,26.58 
2015/9/22,26.78 ,27.35 ,26.24 ,26.89 
2015/9/23,27.04 ,27.69 ,26.77 ,27.12 
2015/9/24,27.15 ,27.95 ,26.96 ,27.28 
2015/9/25,27.18 ,28.17 ,25.97 ,27.05 
2015/9/26,26.81 ,27.49 ,25.22 ,26.71 
2015/9/27,26.50 ,27.23 ,24.73 ,26.42 
2015/9/28,26.04 ,26.83 ,24.47 ,26.09 
2015/9/29,25.88 ,26.23 ,24.33 ,25.93 
2015/9/30,25.64 ,25.54 ,24.21 ,25.44 
2015/10/1,25.09 ,24.93 ,23.59 ,24.91 
2015/10/2,24.70 ,24.68 ,23.13 ,24.64 
2015/10/3,24.67 ,24.57 ,23.22 ,24.53 
2015/10/4,24.67 ,24.49 ,23.09 ,24.34 
2015/10/5,24.31 ,23.92 ,22.63 ,24.05 
2015/10/6,23.77 ,23.40 ,22.19 ,23.76 
2015/10/7,23.64 ,23.04 ,22.48 ,23.80 
2015/10/8,23.80 ,23.29 ,22.91 ,23.73 
2015/10/9,23.49 ,23.09 ,22.21 ,23.22 
2015/10/10,23.04 ,22.94 ,21.99 ,23.14 
2015/10/11,23.21 ,22.75 ,22.22 ,23.03 
2015/10/12,23.42 ,23.02 ,22.15 ,23.01 
2015/10/13,23.22 ,23.02 ,21.68 ,22.98 
2015/10/14,23.08 ,22.94 ,21.59 ,22.98 
2015/10/15,23.21 ,22.89 ,21.81 ,23.08 
2015/10/16,23.41 ,23.13 ,21.94 ,23.26 
2015/10/17,23.37 ,23.39 ,21.37 ,23.17 
2015/10/18,23.23 ,23.35 ,20.93 ,23.00 
2015/10/19,22.92 ,22.52 ,20.06 ,22.58 
2015/10/20,22.58 ,21.77 ,19.37 ,22.25 
2015/10/21,22.46 ,21.57 ,19.76 ,22.22 
2015/10/22,22.34 ,21.79 ,20.25 ,22.27 
2015/10/23,22.11 ,21.80 ,20.24 ,22.14 
2015/10/24,22.06 ,22.17 ,21.18 ,22.30 
2015/10/25,21.96 ,22.69 ,21.19 ,22.33 
2015/10/26,22.30 ,23.13 ,22.00 ,22.56 
2015/10/27,21.96 ,22.84 ,19.99 ,22.12 
2015/10/28,21.49 ,21.41 ,19.10 ,21.08 
2015/10/29,21.21 ,20.32 ,19.08 ,21.06 
2015/10/30,20.21 ,18.71 ,17.06 ,19.71 
2015/10/31,19.61 ,17.45 ,16.73 ,19.10 
2015/11/1,18.55 ,16.46 ,15.24 ,18.15 
2015/11/2,18.70 ,16.64 ,16.77 ,18.33 
2015/11/3,18.67 ,16.85 ,17.14 ,18.15 
2015/11/4,18.66 ,17.83 ,18.24 ,18.60 
2015/11/5,18.80 ,19.21 ,19.21 ,18.99 
2015/11/6,19.12 ,20.16 ,20.58 ,19.32 
2015/11/7,19.91 ,21.48 ,22.15 ,20.12 
2015/11/8,18.97 ,20.00 ,16.69 ,18.21 
2015/11/9,17.74 ,17.44 ,14.13 ,17.73 
2015/11/10,17.14 ,16.10 ,13.31 ,16.91 
2015/11/11,17.08 ,14.90 ,15.07 ,16.72 
2015/11/12,16.56 ,15.23 ,15.74 ,16.62 
2015/11/13,15.99 ,15.52 ,16.26 ,16.23 
2015/11/14,16.51 ,16.12 ,17.34 ,16.17 
2015/11/15,17.07 ,16.96 ,17.63 ,16.72 
2015/11/16,17.51 ,17.96 ,17.95 ,17.40 
2015/11/17,17.74 ,18.24 ,17.53 ,17.43 
2015/11/18,17.31 ,17.35 ,16.47 ,17.11 
2015/11/19,17.16 ,16.75 ,16.35 ,16.91 
2015/11/20,16.88 ,16.57 ,16.51 ,16.93 
2015/11/21,16.81 ,16.52 ,16.35 ,16.68 
2015/11/22,16.82 ,16.63 ,16.48 ,16.75 
2015/11/23,16.98 ,16.91 ,16.95 ,17.07 
2015/11/24,16.68 ,16.62 ,15.80 ,16.32 
2015/11/25,15.42 ,15.32 ,13.57 ,14.99 
2015/11/26,14.23 ,13.82 ,12.25 ,14.10 
2015/11/27,13.52 ,12.43 ,11.77 ,13.14 
2015/11/28,12.96 ,11.62 ,12.29 ,13.04 
2015/11/29,12.82 ,11.38 ,13.18 ,12.75 
2015/11/30,12.79 ,11.68 ,13.81 ,12.81 
2015/12/1,12.95 ,12.36 ,14.24 ,12.85 
2015/12/2,13.41 ,13.21 ,14.60 ,13.14 
2015/12/3,13.83 ,13.73 ,14.08 ,13.19 
2015/12/4,13.88 ,13.56 ,13.28 ,13.29 
2015/12/5,13.60 ,12.89 ,12.83 ,13.39 
2015/12/6,12.84 ,11.47 ,11.38 ,12.20 
2015/12/7,12.19 ,10.35 ,11.42 ,11.96 
2015/12/8,12.29 ,10.69 ,12.60 ,12.09 
2015/12/9,12.52 ,11.73 ,13.25 ,12.36 
2015/12/10,12.86 ,12.61 ,13.27 ,12.50 
2015/12/11,13.29 ,13.00 ,13.29 ,12.79 
2015/12/12,13.39 ,12.99 ,12.88 ,12.89 
2015/12/13,13.18 ,12.46 ,12.30 ,12.74 
2015/12/14,12.40 ,11.38 ,11.18 ,11.99 
2015/12/15,12.19 ,10.66 ,11.24 ,11.77 
2015/12/16,12.06 ,10.50 ,11.50 ,11.63 
2015/12/17,11.48 ,10.06 ,10.62 ,10.85 
2015/12/18,10.94 ,9.27 ,9.92 ,10.31 
2015/12/19,10.68 ,8.67 ,9.96 ,10.09 
2015/12/20,10.43 ,8.60 ,10.14 ,10.06 
2015/12/21,10.52 ,8.99 ,10.54 ,10.01 
2015/12/22,10.61 ,9.53 ,10.73 ,10.13 
2015/12/23,10.95 ,10.04 ,10.90 ,10.34 
2015/12/24,11.32 ,10.52 ,11.20 ,10.71 
2015/12/25,11.44 ,10.66 ,11.09 ,10.89 
2015/12/26,11.95 ,10.93 ,11.49 ,11.39 
2015/12/27,11.95 ,11.32 ,11.42 ,11.56 
2015/12/28,11.91 ,11.17 ,10.98 ,11.23 
2015/12/29,11.26 ,10.17 ,10.09 ,10.76 
2015/12/30,10.99 ,9.82 ,10.25 ,10.77 
2015/12/31,10.86 ,10.03 ,10.47 ,10.56 
2016/1/1,10.00 ,10.00 ,10.00 ,9.74 
2016/1/2,9.74 ,9.67 ,9.12 ,11.19 
2016/1/3,11.28 ,10.25 ,10.80 ,10.16 
2016/1/4,12.01 ,11.19 ,12.10 ,11.62 
2016/1/5,12.20 ,12.49 ,12.63 ,12.30 
2016/1/6,12.42 ,13.14 ,12.47 ,12.30 
2016/1/7,12.08 ,12.07 ,11.12 ,11.58 
2016/1/8,12.29 ,11.63 ,10.74 ,11.80 
2016/1/9,12.39 ,11.42 ,11.00 ,12.18 
2016/1/10,12.11 ,11.35 ,10.92 ,11.99 
2016/1/11,12.18 ,11.68 ,11.45 ,12.17 
2016/1/12,11.90 ,11.51 ,10.97 ,11.53 
2016/1/13,11.42 ,10.65 ,10.43 ,10.96 
2016/1/14,11.50 ,10.49 ,10.27 ,11.06 
2016/1/15,11.56 ,10.43 ,10.72 ,11.29 
2016/1/16,11.50 ,10.82 ,11.06 ,11.24 
2016/1/17,11.60 ,11.27 ,11.26 ,11.52 
2016/1/18,10.94 ,10.70 ,10.36 ,10.84 
2016/1/19,11.37 ,10.50 ,10.60 ,11.19 
2016/1/20,11.46 ,10.67 ,11.11 ,11.27 
2016/1/21,11.14 ,10.83 ,11.03 ,11.16 
2016/1/22,10.58 ,10.36 ,10.19 ,10.30 
2016/1/23,10.67 ,9.71 ,10.06 ,10.46 
2016/1/24,10.80 ,9.60 ,10.52 ,10.39 
2016/1/25,10.25 ,9.39 ,10.28 ,10.11 
2016/1/26,9.63 ,8.85 ,9.72 ,8.84 
2016/1/27,9.62 ,8.39 ,9.41 ,9.09 
2016/1/28,9.51 ,8.32 ,9.21 ,9.02 
2016/1/29,9.51 ,8.38 ,9.27 ,9.14 
2016/1/30,9.94 ,8.89 ,10.15 ,9.46 
2016/1/31,10.18 ,9.02 ,10.16 ,9.41 
2016/2/1,10.25 ,8.63 ,9.99 ,9.40 
2016/2/2,10.60 ,8.58 ,10.49 ,9.72 
2016/2/3,10.83 ,9.34 ,11.29 ,10.10 
2016/2/4,10.79 ,9.96 ,11.36 ,10.18 
2016/2/5,11.30 ,10.48 ,11.65 ,10.58 
2016/2/6,11.52 ,10.85 ,11.55 ,10.71 
2016/2/7,11.77 ,11.09 ,11.99 ,11.23 
2016/2/8,12.24 ,11.78 ,12.70 ,11.82 
2016/2/9,12.22 ,12.06 ,12.21 ,11.68 
2016/2/10,12.56 ,12.33 ,12.56 ,12.22 
2016/2/11,13.45 ,13.71 ,14.15 ,13.38 
2016/2/12,14.17 ,15.65 ,15.60 ,14.41 
2016/2/13,15.23 ,17.28 ,16.40 ,15.06 
2016/2/14,15.86 ,17.76 ,16.31 ,15.41 
2016/2/15,15.86 ,17.05 ,15.29 ,15.24 
2016/2/16,15.43 ,15.45 ,14.06 ,14.90 
2016/2/17,14.87 ,14.07 ,13.41 ,14.45 
2016/2/18,14.30 ,13.24 ,13.29 ,14.25 
2016/2/19,13.61 ,12.61 ,12.91 ,12.83 
2016/2/20,13.58 ,13.09 ,13.11 ,13.09 
2016/2/21,13.82 ,13.56 ,13.51 ,12.78 
2016/2/22,13.88 ,13.78 ,13.74 ,12.85 
2016/2/23,13.47 ,12.89 ,12.47 ,11.85 
2016/2/24,13.41 ,12.58 ,12.34 ,12.22 
2016/2/25,13.90 ,13.44 ,13.78 ,13.00 
2016/2/26,13.69 ,13.34 ,13.97 ,12.83 
2016/2/27,13.72 ,13.63 ,14.06 ,13.10 
2016/2/28,13.78 ,13.76 ,13.59 ,13.20 
2016/2/29,14.43 ,14.60 ,14.49 ,14.31 
2016/3/1,15.16 ,15.75 ,15.72 ,14.44 
2016/3/2,15.43 ,16.46 ,16.31 ,14.94 
2016/3/3,15.96 ,16.97 ,16.61 ,15.15 
2016/3/4,16.81 ,18.23 ,17.72 ,16.85 
2016/3/5,17.81 ,19.26 ,18.80 ,17.37 
2016/3/6,18.27 ,19.90 ,19.54 ,18.07 
2016/3/7,18.88 ,21.26 ,20.41 ,19.13 
2016/3/8,19.22 ,21.86 ,20.58 ,18.79 
2016/3/9,17.78 ,18.44 ,16.14 ,15.46 
2016/3/10,15.63 ,14.05 ,12.49 ,13.44 
2016/3/11,16.00 ,13.68 ,13.34 ,14.21 
2016/3/12,14.76 ,12.94 ,14.71 ,14.50 
2016/3/13,14.34 ,14.15 ,15.50 ,14.38 
2016/3/14,14.52 ,15.36 ,16.21 ,14.13 
2016/3/15,15.18 ,16.15 ,16.62 ,14.91 
2016/3/16,16.15 ,17.20 ,17.43 ,15.99 
2016/3/17,16.77 ,18.27 ,18.11 ,16.79 
2016/3/18,16.83 ,18.51 ,17.84 ,16.80 
2016/3/19,16.99 ,18.27 ,17.48 ,17.08 
2016/3/20,17.38 ,18.59 ,18.13 ,17.84 
2016/3/21,18.09 ,19.75 ,19.10 ,18.49 
2016/3/22,17.88 ,20.44 ,19.05 ,18.39 
2016/3/23,17.48 ,19.73 ,18.13 ,17.68 
2016/3/24,17.03 ,18.34 ,17.13 ,16.80 
2016/3/25,16.97 ,17.64 ,17.56 ,17.01 
2016/3/26,16.61 ,17.22 ,17.66 ,16.83 
2016/3/27,16.67 ,17.56 ,17.94 ,16.98 
2016/3/28,16.91 ,17.94 ,18.19 ,17.26 
2016/3/29,17.31 ,18.65 ,18.97 ,17.66 
2016/3/30,18.03 ,19.62 ,19.42 ,18.14 
2016/3/31,18.19 ,20.00 ,18.99 ,18.11 
2016/4/1,18.32 ,19.78 ,18.53 ,18.09 
2016/4/2,18.56 ,20.05 ,19.52 ,19.21 
2016/4/3,19.83 ,21.87 ,21.49 ,20.33 
2016/4/4,20.41 ,23.37 ,21.70 ,20.67 
2016/4/5,20.01 ,22.29 ,20.13 ,20.13 
2016/4/6,20.00 ,21.66 ,20.91 ,20.61 
2016/4/7,21.08 ,22.78 ,22.16 ,21.32 
2016/4/8,20.51 ,23.22 ,22.03 ,21.75 
2016/4/9,20.85 ,23.90 ,22.22 ,21.37 
2016/4/10,21.01 ,23.97 ,21.91 ,21.40 
2016/4/11,21.07 ,23.56 ,21.87 ,21.59 
2016/4/12,20.70 ,22.65 ,20.61 ,20.82 
2016/4/13,19.89 ,22.07 ,20.09 ,20.53 
2016/4/14,19.98 ,21.93 ,21.02 ,20.57 
2016/4/15,20.65 ,22.01 ,21.70 ,20.96 
2016/4/16,20.78 ,22.32 ,21.85 ,21.11 
2016/4/17,20.97 ,22.98 ,22.00 ,21.28 
2016/4/18,21.13 ,23.24 ,21.82 ,21.43 
2016/4/19,21.34 ,23.44 ,21.72 ,21.44 
2016/4/20,21.34 ,23.32 ,21.96 ,21.76 
2016/4/21,21.95 ,23.56 ,22.65 ,22.12 
2016/4/22,22.21 ,23.82 ,22.85 ,22.70 
2016/4/23,22.57 ,24.26 ,22.77 ,22.96 
2016/4/24,22.96 ,24.80 ,22.99 ,23.37 
2016/4/25,23.38 ,25.28 ,23.04 ,23.60 
2016/4/26,23.71 ,25.52 ,22.89 ,23.60 
2016/4/27,23.90 ,25.52 ,22.84 ,23.78 
2016/4/28,24.16 ,25.51 ,22.79 ,24.11 
2016/4/29,24.28 ,25.22 ,22.59 ,23.93 
2016/4/30,24.35 ,25.24 ,23.35 ,24.54 
2016/5/1,24.66 ,25.49 ,24.02 ,24.76 
2016/5/2,24.91 ,25.57 ,24.30 ,24.78 
2016/5/3,25.24 ,25.87 ,24.61 ,25.02 
2016/5/4,25.37 ,25.95 ,24.71 ,25.20 
2016/5/5,25.67 ,26.31 ,24.99 ,25.66 
2016/5/6,26.06 ,26.80 ,25.64 ,26.26 
2016/5/7,26.67 ,27.50 ,25.81 ,26.67 
2016/5/8,27.23 ,28.09 ,25.32 ,27.08 
2016/5/9,27.44 ,28.32 ,24.59 ,27.21 
2016/5/10,27.14 ,28.11 ,24.06 ,26.87 
2016/5/11,26.62 ,27.52 ,24.13 ,26.63 
2016/5/12,26.27 ,26.92 ,24.63 ,26.34 
2016/5/13,26.19 ,26.78 ,25.20 ,26.68 
2016/5/14,26.36 ,26.93 ,26.21 ,26.54 
2016/5/15,26.61 ,27.22 ,26.70 ,26.62 
2016/5/16,26.68 ,27.19 ,26.59 ,26.76 
2016/5/17,26.78 ,27.40 ,26.43 ,26.74 
2016/5/18,26.96 ,27.78 ,26.81 ,27.14 
2016/5/19,27.30 ,28.20 ,27.36 ,27.44 
2016/5/20,26.93 ,27.46 ,25.74 ,26.26 
2016/5/21,26.39 ,27.15 ,25.42 ,26.53 
2016/5/22,26.09 ,27.10 ,25.68 ,26.35 
2016/5/23,25.88 ,26.75 ,26.40 ,25.81 
2016/5/24,25.86 ,26.82 ,26.63 ,26.27 
2016/5/25,26.13 ,27.01 ,27.23 ,26.13 
2016/5/26,26.42 ,27.16 ,27.65 ,26.37 
2016/5/27,26.76 ,27.45 ,27.97 ,26.72 
2016/5/28,27.19 ,27.89 ,28.25 ,27.10 
2016/5/29,27.50 ,28.08 ,28.09 ,27.04 
2016/5/30,27.43 ,27.96 ,27.75 ,27.18 
2016/5/31,27.70 ,28.36 ,28.20 ,27.82 
2016/6/1,28.09 ,29.02 ,29.30 ,28.25 
2016/6/2,28.75 ,29.68 ,30.11 ,28.71 
2016/6/3,28.38 ,28.89 ,28.04 ,27.76 
2016/6/4,28.13 ,28.77 ,28.07 ,27.77 
2016/6/5,27.96 ,28.71 ,28.66 ,28.06 
2016/6/6,28.01 ,28.92 ,29.23 ,28.45 
2016/6/7,28.35 ,29.47 ,30.01 ,28.56 
2016/6/8,28.94 ,29.92 ,30.44 ,28.93 
2016/6/9,29.57 ,30.51 ,31.05 ,29.41 
2016/6/10,30.16 ,31.00 ,31.38 ,29.92 
2016/6/11,30.68 ,31.50 ,31.53 ,30.41 
2016/6/12,30.93 ,31.64 ,30.85 ,30.47 
2016/6/13,30.89 ,31.57 ,30.40 ,30.58 
2016/6/14,30.95 ,31.78 ,30.58 ,31.01 
2016/6/15,30.98 ,32.03 ,30.75 ,31.27 
2016/6/16,30.87 ,31.90 ,30.27 ,30.87 
2016/6/17,30.71 ,31.74 ,29.42 ,30.56 
2016/6/18,30.21 ,31.45 ,29.37 ,30.54 
2016/6/19,30.17 ,31.66 ,30.37 ,30.69 
2016/6/20,30.16 ,31.91 ,30.89 ,30.60 
2016/6/21,30.52 ,32.21 ,31.35 ,30.87 
2016/6/22,31.11 ,32.70 ,32.02 ,31.26 
2016/6/23,31.54 ,33.18 ,32.45 ,31.75 
2016/6/24,31.98 ,33.44 ,32.62 ,31.92 
2016/6/25,32.36 ,33.61 ,32.59 ,32.10 
2016/6/26,32.39 ,33.31 ,32.13 ,31.99 
2016/6/27,32.07 ,32.66 ,31.25 ,31.66 
2016/6/28,31.91 ,32.55 ,30.95 ,31.79 
2016/6/29,31.86 ,32.43 ,30.80 ,31.69 
2016/6/30,31.68 ,32.08 ,30.59 ,31.46 
2016/7/1,31.52 ,32.00 ,30.53 ,31.66 
2016/7/2,31.79 ,32.28 ,30.74 ,31.98 
2016/7/3,31.91 ,32.12 ,30.76 ,28.98 
2016/7/4,31.47 ,31.78 ,30.48 ,27.09 
2016/7/5,30.18 ,31.55 ,30.77 ,26.70 
2016/7/6,28.30 ,31.44 ,30.83 ,26.71 
2016/7/7,28.07 ,31.46 ,30.91 ,26.76 
2016/7/8,28.45 ,31.45 ,31.20 ,27.20 
2016/7/9,28.89 ,31.42 ,31.38 ,27.63 
2016/7/10,29.87 ,31.27 ,31.24 ,28.36 
2016/7/11,30.31 ,31.15 ,31.02 ,28.92 
2016/7/12,30.25 ,31.35 ,31.20 ,29.86 
2016/7/13,30.49 ,31.69 ,31.58 ,30.61 
2016/7/14,30.69 ,31.99 ,31.85 ,30.76 
2016/7/15,30.87 ,32.25 ,32.11 ,31.03 
2016/7/16,31.19 ,32.54 ,32.51 ,31.26 
2016/7/17,31.45 ,32.75 ,32.69 ,31.49 
2016/7/18,31.63 ,32.93 ,32.88 ,31.54 
2016/7/19,31.54 ,32.70 ,32.56 ,31.21 
2016/7/20,31.39 ,32.59 ,32.42 ,31.39 
2016/7/21,31.36 ,32.87 ,32.67 ,31.77 
2016/7/22,31.61 ,33.13 ,33.01 ,31.89 
2016/7/23,31.87 ,33.37 ,33.29 ,31.95 
2016/7/24,32.13 ,33.64 ,33.58 ,32.24 
2016/7/25,32.59 ,34.04 ,33.94 ,32.63 
2016/7/26,33.15 ,34.30 ,34.25 ,32.80 
2016/7/27,33.48 ,34.52 ,34.45 ,33.21 
2016/7/28,33.65 ,34.58 ,34.46 ,33.28 
2016/7/29,33.70 ,34.51 ,34.31 ,33.28 
2016/7/30,33.80 ,34.54 ,34.39 ,33.48 
2016/7/31,33.89 ,34.59 ,34.42 ,33.64 
2016/8/1,34.03 ,34.68 ,34.56 ,33.85 
2016/8/2,34.06 ,34.71 ,34.55 ,33.85 
2016/8/3,33.96 ,34.52 ,34.29 ,33.56 
2016/8/4,33.82 ,34.32 ,34.03 ,33.44 
2016/8/5,33.79 ,34.30 ,34.01 ,33.60 
2016/8/6,33.81 ,34.31 ,34.07 ,33.65 
2016/8/7,33.70 ,34.06 ,33.68 ,33.21 
2016/8/8,33.13 ,33.26 ,32.84 ,32.62 
2016/8/9,32.95 ,33.00 ,32.68 ,32.65 
2016/8/10,33.06 ,33.26 ,33.02 ,32.85 
2016/8/11,33.17 ,33.11 ,32.83 ,32.58 
2016/8/12,33.24 ,33.30 ,33.02 ,33.02 
2016/8/13,33.37 ,33.82 ,33.75 ,33.55 
2016/8/14,33.84 ,34.31 ,34.33 ,33.84 
2016/8/15,34.30 ,34.72 ,34.74 ,34.02 
2016/8/16,34.70 ,35.18 ,35.28 ,34.42 
2016/8/17,35.14 ,35.64 ,35.88 ,34.77 
2016/8/18,35.50 ,36.04 ,36.23 ,35.08 
2016/8/19,35.74 ,36.34 ,36.46 ,35.36 
2016/8/20,35.96 ,36.62 ,36.19 ,35.54 
2016/8/21,35.88 ,36.42 ,35.71 ,35.37 
2016/8/22,35.50 ,35.84 ,34.74 ,34.93 
2016/8/23,34.85 ,34.92 ,33.57 ,34.23 
2016/8/24,34.30 ,34.49 ,33.30 ,34.16 
2016/8/25,34.04 ,34.34 ,33.30 ,34.18 
2016/8/26,34.07 ,34.54 ,33.81 ,34.33 
2016/8/27,34.10 ,34.70 ,33.85 ,33.95 
2016/8/28,33.84 ,34.43 ,33.30 ,33.44 
2016/8/29,33.61 ,34.33 ,33.10 ,33.52 
2016/8/30,32.90 ,33.81 ,32.22 ,32.90 
2016/8/31,32.26 ,33.65 ,31.84 ,32.77 
2016/9/1,31.80 ,32.96 ,30.47 ,31.60 
2016/9/2,30.81 ,31.64 ,29.04 ,30.53 
2016/9/3,30.53 ,31.17 ,28.80 ,30.71 
2016/9/4,30.47 ,31.12 ,29.46 ,30.88 
2016/9/5,30.69 ,31.41 ,30.41 ,30.84 
2016/9/6,30.33 ,30.95 ,29.42 ,30.00 
2016/9/7,29.36 ,29.61 ,27.62 ,29.05 
2016/9/8,28.85 ,28.72 ,26.96 ,28.79 
2016/9/9,28.48 ,28.50 ,27.18 ,28.60 
2016/9/10,28.31 ,28.60 ,27.02 ,28.27 
2016/9/11,28.14 ,28.36 ,25.75 ,27.80 
2016/9/12,27.45 ,27.37 ,25.16 ,27.31 
2016/9/13,27.43 ,27.25 ,25.51 ,27.42 
2016/9/14,27.51 ,28.21 ,26.87 ,27.90 
2016/9/15,27.71 ,28.84 ,26.85 ,27.94 
2016/9/16,27.44 ,28.47 ,25.81 ,27.53 
2016/9/17,27.22 ,27.91 ,25.85 ,27.27 
2016/9/18,27.69 ,27.80 ,26.84 ,27.46 
2016/9/19,27.98 ,28.46 ,27.58 ,28.14 
2016/9/20,27.78 ,29.01 ,27.43 ,28.37 
2016/9/21,27.99 ,29.18 ,27.58 ,28.51 
2016/9/22,28.34 ,29.17 ,27.32 ,28.48 
2016/9/23,28.77 ,29.09 ,28.30 ,28.71 
2016/9/24,28.34 ,28.11 ,26.36 ,28.15 
2016/9/25,28.24 ,27.79 ,26.34 ,28.04 
2016/9/26,28.21 ,27.93 ,26.80 ,27.37 
2016/9/27,28.05 ,27.92 ,26.59 ,27.47 
2016/9/28,27.69 ,27.11 ,25.05 ,26.18 
2016/9/29,26.50 ,25.53 ,23.42 ,25.03 
2016/9/30,24.75 ,23.50 ,22.12 ,23.68 
2016/10/1,24.18 ,22.96 ,22.41 ,23.91 
2016/10/2,24.42 ,23.46 ,23.38 ,24.56 
2016/10/3,23.82 ,23.89 ,23.34 ,23.85 
2016/10/4,24.01 ,24.37 ,23.70 ,24.10 
2016/10/5,24.75 ,25.15 ,24.61 ,24.70 
2016/10/6,25.34 ,26.25 ,25.49 ,25.44 
2016/10/7,25.75 ,26.86 ,25.71 ,25.76 
2016/10/8,25.18 ,25.57 ,23.81 ,24.86 
2016/10/9,25.38 ,25.00 ,24.24 ,25.43 
2016/10/10,25.11 ,24.46 ,22.63 ,24.75 
2016/10/11,24.86 ,23.99 ,22.96 ,24.91 
2016/10/12,24.22 ,23.56 ,21.93 ,23.46 
2016/10/13,23.92 ,23.20 ,21.82 ,23.06 
2016/10/14,24.11 ,23.76 ,23.47 ,23.80 
2016/10/15,23.97 ,23.83 ,23.36 ,23.53 
2016/10/16,23.55 ,23.28 ,22.07 ,23.01 
2016/10/17,23.43 ,23.31 ,21.83 ,22.82 
2016/10/18,22.91 ,22.38 ,20.56 ,22.05 
2016/10/19,22.71 ,21.70 ,20.66 ,22.10 
2016/10/20,22.62 ,21.75 ,20.90 ,22.15 
2016/10/21,22.80 ,22.05 ,21.40 ,22.36 
2016/10/22,22.72 ,22.28 ,21.78 ,22.44 
2016/10/23,22.58 ,22.98 ,22.43 ,22.59 
2016/10/24,22.26 ,22.81 ,21.45 ,21.83 
2016/10/25,22.34 ,22.76 ,21.57 ,21.79 
2016/10/26,22.04 ,21.82 ,19.88 ,20.97 
2016/10/27,22.16 ,22.03 ,21.43 ,21.92 
2016/10/28,22.04 ,22.16 ,20.77 ,21.17 
2016/10/29,20.87 ,20.05 ,18.04 ,20.34 
2016/10/30,19.62 ,18.23 ,16.21 ,19.23 
2016/10/31,19.14 ,17.63 ,16.16 ,18.76 
2016/11/1,19.46 ,18.22 ,18.25 ,19.28 
2016/11/2,19.49 ,18.41 ,19.13 ,19.45 
2016/11/3,19.41 ,18.93 ,19.87 ,19.65 
2016/11/4,19.20 ,19.48 ,19.61 ,19.50 
2016/11/5,19.42 ,20.37 ,20.51 ,19.74 
2016/11/6,19.91 ,21.23 ,21.71 ,20.21 
2016/11/7,19.88 ,20.74 ,19.75 ,19.63 
2016/11/8,19.44 ,19.67 ,17.96 ,18.94 
2016/11/9,18.38 ,17.58 ,15.18 ,17.74 
2016/11/10,17.62 ,16.34 ,14.07 ,17.15 
2016/11/11,17.26 ,15.74 ,14.03 ,16.82 
2016/11/12,17.61 ,16.17 ,15.98 ,17.19 
2016/11/13,17.99 ,16.56 ,17.89 ,17.78 
2016/11/14,18.19 ,17.43 ,19.25 ,18.33 
2016/11/15,18.30 ,18.79 ,19.94 ,18.82 
2016/11/16,18.04 ,19.58 ,18.66 ,18.44 
2016/11/17,18.08 ,19.35 ,18.38 ,18.38 
2016/11/18,18.34 ,19.47 ,18.41 ,18.49 
2016/11/19,19.02 ,19.88 ,19.11 ,18.96 
2016/11/20,19.62 ,20.59 ,19.84 ,19.71 
2016/11/21,19.75 ,21.04 ,20.01 ,20.10 
2016/11/22,19.20 ,20.91 ,18.12 ,19.72 
2016/11/23,17.70 ,18.62 ,14.74 ,18.11 
2016/11/24,15.27 ,14.37 ,10.99 ,15.46 
2016/11/25,14.53 ,12.17 ,11.00 ,14.41 
2016/11/26,14.13 ,11.21 ,11.06 ,13.71 
2016/11/27,13.67 ,11.05 ,12.95 ,14.05 
2016/11/28,13.68 ,12.38 ,14.11 ,13.74 
2016/11/29,13.96 ,13.69 ,14.76 ,14.03 
2016/11/30,14.40 ,14.76 ,15.23 ,14.42 
2016/12/1,15.02 ,15.53 ,15.25 ,14.73 
2016/12/2,14.88 ,15.39 ,14.61 ,14.80 
2016/12/3,14.79 ,14.88 ,14.00 ,14.65 
2016/12/4,14.93 ,14.53 ,14.14 ,15.02 
2016/12/5,14.92 ,14.97 ,14.18 ,14.79 
2016/12/6,15.07 ,15.23 ,15.21 ,15.42 
2016/12/7,15.31 ,15.74 ,15.41 ,15.37 
2016/12/8,15.37 ,15.62 ,15.15 ,15.39 
2016/12/9,15.42 ,15.66 ,14.81 ,14.53 
2016/12/10,15.62 ,15.76 ,15.23 ,15.08 
2016/12/11,14.97 ,14.42 ,13.02 ,13.81 
2016/12/12,14.46 ,13.75 ,12.56 ,13.70 
2016/12/13,14.01 ,13.23 ,12.28 ,13.42 
2016/12/14,13.81 ,13.02 ,12.32 ,12.97 
2016/12/15,13.27 ,12.11 ,10.88 ,11.72 
2016/12/16,12.50 ,10.98 ,9.51 ,11.05 
2016/12/17,12.15 ,10.28 ,9.28 ,10.77 
2016/12/18,12.27 ,10.95 ,10.57 ,11.64 
2016/12/19,12.75 ,12.23 ,13.03 ,13.01 
2016/12/20,13.28 ,13.42 ,14.93 ,13.74 
2016/12/21,13.46 ,13.75 ,14.76 ,13.41 
2016/12/22,13.48 ,13.87 ,14.07 ,12.94 
2016/12/23,13.32 ,13.34 ,12.33 ,11.88 
2016/12/24,13.47 ,13.48 ,12.48 ,12.50 
2016/12/25,13.96 ,14.11 ,13.72 ,13.41 
2016/12/26,13.97 ,13.79 ,13.49 ,13.08 
2016/12/27,12.64 ,11.00 ,9.91 ,10.70 
2016/12/28,11.67 ,9.72 ,8.36 ,9.58 
2016/12/29,11.92 ,10.73 ,10.06 ,11.06 
